Name,sample11,sample3,sample7,sample14,sample17,sample20,sample45,sample46,sample85,sample15,sample18,sample21
PV_ATCC8482_00005,low,low,low,low,low,low,low,low,low,low,low,low
PV_ATCC8482_00009,medium,medium,medium,low,medium,medium,low,low,low,medium,medium,medium
PV_ATCC8482_00019,high,high,high,high,high,high,high,high,high,high,high,high
PV_ATCC8482_00021,low,low,low,low,low,low,low,low,low,low,low,low
PV_ATCC8482_00049,high,high,high,high,high,high,high,high,high,high,high,high
PV_ATCC8482_00053,high,high,high,high,high,high,high,high,high,high,high,high
PV_ATCC8482_00058,medium,medium,medium,medium,medium,medium,low,medium,medium,high,medium,medium
PV_ATCC8482_00060,high,high,high,medium,high,high,high,high,medium,high,high,high
PV_ATCC8482_00076,medium,medium,medium,low,medium,medium,medium,medium,medium,medium,medium,medium
PV_ATCC8482_00079,medium,medium,medium,high,medium,medium,medium,medium,high,high,medium,medium
PV_ATCC8482_00081,high,medium,high,medium,high,high,medium,medium,medium,medium,medium,high
PV_ATCC8482_00082,high,high,high,high,high,high,high,high,high,high,high,high
PV_ATCC8482_00085,low,low,low,low,low,low,low,medium,low,low,low,low
PV_ATCC8482_00097,high,high,high,high,high,high,high,high,high,high,high,high
PV_ATCC8482_00099,medium,medium,medium,medium,medium,medium,low,medium,medium,high,medium,low
PV_ATCC8482_00101,high,medium,medium,medium,medium,medium,high,high,high,medium,medium,high
PV_ATCC8482_00102,medium,medium,medium,medium,medium,medium,high,high,medium,medium,medium,medium
PV_ATCC8482_00103,medium,medium,medium,high,medium,low,high,medium,high,medium,medium,medium
PV_ATCC8482_00106,low,low,low,low,low,low,low,low,low,low,low,low
PV_ATCC8482_00123,low,low,low,low,low,low,low,low,low,low,low,low
PV_ATCC8482_00140,low,low,low,low,low,low,low,low,low,low,low,low
PV_ATCC8482_00150,medium,medium,medium,high,medium,low,medium,medium,medium,medium,medium,medium
PV_ATCC8482_00151,medium,medium,medium,medium,medium,medium,high,medium,low,medium,medium,medium
PV_ATCC8482_00154,medium,low,medium,low,medium,low,low,low,low,medium,medium,medium
PV_ATCC8482_00155,medium,medium,medium,low,medium,medium,medium,low,low,medium,medium,medium
PV_ATCC8482_00187,low,low,low,low,low,low,low,low,low,low,low,low
PV_ATCC8482_00196,high,high,high,medium,high,high,medium,high,high,high,high,high
PV_ATCC8482_00200,high,high,high,high,high,high,high,high,high,high,high,high
PV_ATCC8482_00209,high,high,high,high,high,high,high,high,high,high,high,high
PV_ATCC8482_00213,medium,medium,medium,medium,medium,high,medium,medium,medium,medium,high,medium
PV_ATCC8482_00214,high,high,high,high,high,high,high,high,high,high,high,high
PV_ATCC8482_00221,low,low,low,low,low,low,low,low,low,low,low,low
PV_ATCC8482_00222,low,low,low,low,low,low,low,low,low,low,low,low
PV_ATCC8482_00226,low,low,low,low,low,medium,low,low,low,low,low,medium
PV_ATCC8482_00230,low,low,low,low,low,low,low,low,low,low,low,low
PV_ATCC8482_00231,low,low,low,low,low,low,low,low,low,low,low,low
PV_ATCC8482_00254,high,medium,medium,high,high,medium,medium,medium,medium,medium,high,medium
PV_ATCC8482_00255,medium,high,high,high,medium,high,medium,low,low,medium,medium,medium
PV_ATCC8482_00261,high,high,high,high,high,high,high,high,high,high,high,high
PV_ATCC8482_00266,high,high,high,high,high,high,high,high,high,high,high,high
PV_ATCC8482_00279,high,high,high,high,high,high,high,high,high,high,high,high
PV_ATCC8482_00305,low,low,low,low,low,low,low,low,low,low,low,low
PV_ATCC8482_00314,high,high,high,high,high,high,high,high,high,high,high,high
PV_ATCC8482_00317,low,low,low,low,low,medium,medium,medium,low,low,low,medium
PV_ATCC8482_00323,low,medium,medium,medium,medium,medium,low,low,low,medium,medium,low
PV_ATCC8482_00325,high,high,high,high,high,high,high,high,high,high,high,high
PV_ATCC8482_00326,high,high,high,high,high,medium,high,high,high,high,high,high
PV_ATCC8482_00333,low,low,low,low,low,low,medium,medium,medium,low,low,low
PV_ATCC8482_00342,high,high,high,high,high,high,high,high,medium,high,high,high
PV_ATCC8482_00343,high,high,high,high,high,high,high,high,high,high,high,high
PV_ATCC8482_00345,medium,medium,medium,high,high,medium,high,high,high,high,high,medium
PV_ATCC8482_00350,high,high,high,medium,high,high,high,high,high,high,high,high
PV_ATCC8482_00352,high,high,high,medium,high,high,high,high,high,high,high,high
PV_ATCC8482_00354,high,medium,medium,low,high,medium,high,high,high,medium,high,high
PV_ATCC8482_00355,high,medium,medium,low,medium,low,high,medium,medium,medium,high,medium
PV_ATCC8482_00356,medium,medium,low,low,medium,low,medium,high,medium,medium,medium,medium
PV_ATCC8482_00359,high,medium,high,medium,medium,medium,high,medium,medium,high,medium,high
PV_ATCC8482_00370,low,low,low,low,low,low,low,medium,low,low,low,medium
PV_ATCC8482_00376,low,low,low,low,low,medium,low,low,low,medium,low,medium
PV_ATCC8482_00377,medium,low,low,low,low,medium,low,low,low,medium,low,medium
PV_ATCC8482_00378,medium,low,low,low,low,medium,low,low,low,medium,low,medium
PV_ATCC8482_00380,medium,medium,medium,medium,medium,medium,medium,low,medium,medium,medium,high
PV_ATCC8482_00387,low,low,low,low,low,medium,low,low,low,low,low,medium
PV_ATCC8482_00390,medium,low,medium,low,low,high,low,medium,low,medium,low,high
PV_ATCC8482_00403,high,high,high,high,high,high,high,high,high,high,high,high
PV_ATCC8482_00411,low,low,low,low,low,low,low,low,low,low,low,low
PV_ATCC8482_00422,low,low,medium,low,low,low,low,low,low,low,low,low
PV_ATCC8482_00430,medium,medium,medium,medium,medium,medium,high,high,high,medium,medium,medium
PV_ATCC8482_00436,low,low,low,low,low,low,low,low,low,low,low,low
PV_ATCC8482_00437,low,low,low,medium,low,low,low,low,low,low,low,low
PV_ATCC8482_00438,low,low,low,medium,low,low,low,low,low,low,low,low
PV_ATCC8482_00440,low,low,low,low,low,medium,low,low,low,low,low,low
PV_ATCC8482_00448,high,high,high,high,high,high,high,high,high,high,high,high
PV_ATCC8482_00450,high,high,medium,low,medium,medium,medium,medium,high,high,medium,high
PV_ATCC8482_00472,high,medium,high,medium,medium,high,medium,high,medium,medium,medium,high
PV_ATCC8482_00474,medium,medium,medium,medium,medium,low,medium,high,medium,medium,medium,low
PV_ATCC8482_00476,high,high,high,high,high,high,medium,medium,high,high,high,medium
PV_ATCC8482_00477,high,high,high,high,high,high,high,high,high,high,high,high
PV_ATCC8482_00489,high,high,high,high,high,high,high,high,high,high,high,high
PV_ATCC8482_00491,medium,high,medium,high,medium,medium,low,high,high,medium,medium,medium
PV_ATCC8482_00492,medium,high,medium,high,medium,medium,high,medium,high,high,medium,medium
PV_ATCC8482_00493,high,high,high,high,high,high,high,high,high,high,high,high
PV_ATCC8482_00497,high,high,high,high,high,high,high,high,high,high,high,high
PV_ATCC8482_00499,low,medium,low,medium,low,medium,medium,medium,low,low,low,low
PV_ATCC8482_00504,high,high,high,high,high,high,high,high,high,high,high,high
PV_ATCC8482_00505,medium,medium,medium,medium,medium,medium,medium,medium,medium,medium,medium,medium
PV_ATCC8482_00517,low,low,low,low,low,low,low,low,low,low,low,low
PV_ATCC8482_00543,high,medium,high,medium,medium,medium,medium,high,medium,medium,high,high
PV_ATCC8482_00544,high,high,high,medium,high,medium,medium,medium,high,medium,high,high
PV_ATCC8482_00550,high,high,high,high,high,high,high,high,high,high,high,high
PV_ATCC8482_00551,high,high,high,high,high,high,high,high,high,high,high,high
PV_ATCC8482_00552,medium,medium,medium,medium,medium,medium,medium,medium,low,medium,medium,high
PV_ATCC8482_00560,low,high,high,low,high,low,medium,medium,medium,medium,high,low
PV_ATCC8482_00563,medium,low,low,low,low,high,medium,medium,medium,low,low,medium
PV_ATCC8482_00575,medium,medium,medium,medium,medium,low,medium,medium,medium,medium,medium,low
PV_ATCC8482_00579,high,high,high,medium,medium,medium,low,medium,medium,medium,medium,medium
PV_ATCC8482_00580,high,high,high,medium,medium,high,medium,medium,medium,medium,high,high
PV_ATCC8482_00581,high,high,high,medium,medium,high,low,medium,medium,medium,medium,high
PV_ATCC8482_00584,medium,medium,high,low,medium,medium,medium,medium,medium,low,medium,medium
PV_ATCC8482_00585,low,low,low,low,low,low,low,low,medium,low,low,low
PV_ATCC8482_00599,low,low,low,low,low,low,medium,medium,medium,low,low,low
PV_ATCC8482_00602,medium,low,medium,medium,medium,medium,medium,medium,medium,medium,medium,medium
PV_ATCC8482_00617,high,high,high,high,high,high,high,high,high,high,high,high
PV_ATCC8482_00618,medium,medium,medium,high,medium,medium,high,high,high,medium,medium,medium
PV_ATCC8482_00619,medium,low,medium,medium,medium,low,low,medium,medium,medium,medium,low
PV_ATCC8482_00620,medium,high,medium,high,high,medium,medium,high,medium,high,high,medium
PV_ATCC8482_00621,medium,low,low,low,medium,medium,medium,low,low,medium,medium,medium
PV_ATCC8482_00623,low,medium,low,low,low,low,medium,medium,medium,low,low,low
PV_ATCC8482_00624,low,low,low,medium,medium,low,medium,medium,medium,low,medium,low
PV_ATCC8482_00625,low,low,low,medium,low,low,low,medium,medium,low,low,low
PV_ATCC8482_00626,high,high,high,high,high,high,high,high,high,high,high,high
PV_ATCC8482_00635,medium,medium,medium,medium,medium,medium,medium,high,medium,medium,medium,medium
PV_ATCC8482_00648,medium,medium,medium,medium,medium,medium,high,medium,high,medium,medium,high
PV_ATCC8482_00669,medium,medium,high,medium,medium,high,low,medium,medium,high,medium,medium
PV_ATCC8482_00766,low,low,medium,low,low,low,low,low,low,low,low,low
PV_ATCC8482_00771,low,low,low,low,low,low,low,low,low,low,low,low
PV_ATCC8482_00776,low,low,low,low,low,low,low,low,low,low,low,low
PV_ATCC8482_00779,low,low,low,low,low,low,low,low,low,low,low,low
PV_ATCC8482_00781,low,low,low,low,low,low,low,low,low,low,low,low
PV_ATCC8482_00789,high,high,high,high,high,high,high,high,high,high,high,high
PV_ATCC8482_00796,low,low,low,low,low,low,low,low,low,low,low,low
PV_ATCC8482_00799,medium,medium,medium,medium,medium,medium,medium,medium,medium,medium,medium,medium
PV_ATCC8482_00816,medium,high,medium,high,high,high,high,high,high,high,high,medium
PV_ATCC8482_00839,high,high,high,high,high,high,high,high,high,high,high,high
PV_ATCC8482_00853,high,high,high,high,high,high,high,high,high,high,high,high
PV_ATCC8482_00869,medium,medium,medium,medium,medium,medium,medium,medium,medium,medium,medium,low
PV_ATCC8482_00881,medium,medium,medium,low,medium,medium,low,medium,medium,low,medium,medium
PV_ATCC8482_00882,medium,low,medium,low,low,high,medium,medium,high,low,low,high
PV_ATCC8482_00891,high,high,high,high,high,high,high,high,high,high,high,high
PV_ATCC8482_00893,high,high,high,high,high,high,high,high,high,high,high,high
PV_ATCC8482_00896,low,low,low,low,low,low,low,low,low,low,low,low
PV_ATCC8482_00897,low,low,low,low,low,low,low,low,low,low,low,low
PV_ATCC8482_00899,medium,medium,medium,medium,medium,medium,medium,medium,medium,medium,medium,medium
PV_ATCC8482_00903,medium,low,low,low,low,medium,medium,low,low,low,low,low
PV_ATCC8482_00904,low,low,medium,low,low,low,low,low,low,low,low,low
PV_ATCC8482_00908,high,high,high,high,high,high,high,high,high,high,high,high
PV_ATCC8482_00909,medium,high,high,medium,high,high,low,medium,low,high,medium,medium
PV_ATCC8482_00927,medium,medium,medium,medium,medium,medium,low,medium,high,medium,medium,medium
PV_ATCC8482_00928,medium,medium,medium,medium,medium,medium,high,low,high,medium,medium,medium
PV_ATCC8482_01033,medium,medium,medium,medium,medium,medium,high,high,high,medium,medium,medium
PV_ATCC8482_01046,low,low,medium,medium,medium,low,low,medium,medium,medium,medium,low
PV_ATCC8482_01047,low,medium,low,medium,low,low,medium,medium,medium,low,low,low
PV_ATCC8482_01048,low,medium,low,medium,low,low,medium,low,medium,low,low,low
PV_ATCC8482_01057,low,low,low,low,low,low,low,low,low,low,low,low
PV_ATCC8482_01077,high,high,high,high,high,high,high,high,high,high,high,high
PV_ATCC8482_01083,low,low,low,low,low,low,low,low,low,low,low,low
PV_ATCC8482_01087,high,high,high,high,high,high,high,high,high,high,high,high
PV_ATCC8482_01088,medium,low,medium,low,medium,medium,low,low,high,medium,medium,medium
PV_ATCC8482_01089,low,low,low,low,low,low,medium,medium,low,low,low,low
PV_ATCC8482_01098,medium,medium,medium,medium,medium,medium,medium,medium,medium,low,medium,medium
PV_ATCC8482_01100,low,medium,low,medium,low,low,medium,medium,medium,low,low,low
PV_ATCC8482_01101,low,low,low,medium,low,low,medium,medium,medium,low,low,low
PV_ATCC8482_01109,medium,low,medium,medium,medium,medium,medium,medium,medium,medium,medium,medium
PV_ATCC8482_01128,low,low,low,low,low,low,low,low,low,low,low,low
PV_ATCC8482_01131,medium,medium,medium,medium,medium,medium,medium,medium,medium,low,medium,medium
PV_ATCC8482_01136,medium,medium,medium,medium,medium,medium,high,high,high,medium,medium,medium
PV_ATCC8482_01144,medium,medium,medium,low,low,low,low,medium,medium,medium,medium,medium
PV_ATCC8482_01148,medium,medium,medium,medium,high,medium,medium,high,high,medium,high,medium
PV_ATCC8482_01151,medium,high,medium,high,medium,high,high,high,high,high,medium,medium
PV_ATCC8482_01155,high,high,high,high,high,high,high,high,high,high,high,high
PV_ATCC8482_01166,low,low,low,low,low,low,medium,low,low,low,low,low
PV_ATCC8482_01180,low,low,low,medium,low,medium,medium,low,low,medium,low,low
PV_ATCC8482_01187,high,high,high,high,high,high,high,high,high,high,high,high
PV_ATCC8482_01189,medium,low,low,low,low,low,low,low,low,low,low,low
PV_ATCC8482_01215,medium,medium,medium,medium,medium,medium,medium,medium,medium,medium,medium,medium
PV_ATCC8482_01218,low,low,low,low,low,low,low,medium,low,low,low,low
PV_ATCC8482_01230,high,high,high,high,high,high,high,high,high,high,high,high
PV_ATCC8482_01233,high,high,high,high,high,high,high,high,high,high,high,high
PV_ATCC8482_01250,medium,medium,medium,medium,medium,medium,low,low,medium,medium,medium,medium
PV_ATCC8482_01256,medium,low,low,low,medium,low,medium,medium,medium,medium,medium,low
PV_ATCC8482_01260,medium,medium,low,medium,medium,medium,medium,medium,medium,medium,medium,medium
PV_ATCC8482_01282,low,medium,medium,medium,medium,medium,medium,high,low,medium,medium,medium
PV_ATCC8482_01284,medium,low,low,low,low,low,low,medium,medium,low,low,medium
PV_ATCC8482_01286,high,high,high,high,high,high,high,high,high,high,high,high
PV_ATCC8482_01287,high,high,high,high,high,high,high,high,high,high,high,high
PV_ATCC8482_01293,high,high,high,medium,high,high,high,high,medium,high,high,high
PV_ATCC8482_01298,medium,medium,medium,medium,medium,high,medium,medium,high,medium,medium,medium
PV_ATCC8482_01304,high,medium,medium,high,medium,high,high,high,low,medium,medium,high
PV_ATCC8482_01308,medium,medium,high,high,medium,medium,medium,medium,medium,medium,medium,medium
PV_ATCC8482_01309,low,low,low,medium,low,medium,low,medium,medium,medium,low,medium
PV_ATCC8482_01318,medium,medium,medium,medium,medium,medium,high,high,medium,medium,medium,medium
PV_ATCC8482_01319,medium,medium,medium,low,medium,medium,medium,low,high,medium,medium,low
PV_ATCC8482_01321,low,low,low,low,low,low,low,low,medium,low,low,low
PV_ATCC8482_01348,low,low,medium,medium,low,low,medium,low,medium,low,low,low
PV_ATCC8482_01350,medium,high,medium,high,medium,medium,high,high,high,medium,medium,medium
PV_ATCC8482_01358,medium,medium,high,low,medium,medium,medium,low,low,low,medium,low
PV_ATCC8482_01369,high,medium,medium,medium,medium,high,high,high,high,high,high,high
PV_ATCC8482_01381,medium,medium,high,medium,medium,medium,low,medium,medium,low,medium,high
PV_ATCC8482_01385,medium,medium,medium,medium,medium,medium,low,medium,medium,medium,medium,medium
PV_ATCC8482_01386,medium,medium,medium,medium,medium,medium,high,medium,medium,medium,medium,medium
PV_ATCC8482_01387,low,medium,medium,medium,medium,medium,medium,medium,medium,medium,medium,medium
PV_ATCC8482_01405,high,high,high,high,high,high,high,high,high,high,high,high
PV_ATCC8482_01408,high,high,high,high,high,high,high,high,high,high,high,high
PV_ATCC8482_01414,low,low,low,low,low,low,high,high,high,low,low,low
PV_ATCC8482_01422,high,high,high,high,high,medium,high,high,high,high,high,high
PV_ATCC8482_01424,high,high,high,high,high,high,high,high,high,high,high,high
PV_ATCC8482_01431,high,high,high,high,high,high,medium,low,medium,high,high,high
PV_ATCC8482_01439,high,high,high,high,high,high,medium,medium,high,high,high,high
PV_ATCC8482_01449,medium,medium,medium,high,medium,medium,high,high,high,medium,medium,medium
PV_ATCC8482_01450,medium,medium,medium,high,medium,medium,high,medium,medium,medium,medium,medium
PV_ATCC8482_01451,low,medium,low,high,medium,low,high,high,high,medium,medium,medium
PV_ATCC8482_01452,low,medium,low,high,medium,low,high,medium,high,medium,low,medium
PV_ATCC8482_01453,low,medium,medium,medium,medium,medium,medium,medium,medium,medium,medium,medium
PV_ATCC8482_01454,medium,medium,medium,medium,medium,medium,medium,medium,medium,medium,medium,medium
PV_ATCC8482_01455,medium,high,medium,medium,medium,medium,medium,medium,high,high,medium,medium
PV_ATCC8482_01463,high,medium,high,medium,high,medium,medium,medium,medium,medium,medium,medium
PV_ATCC8482_01469,low,low,low,low,low,low,medium,low,medium,low,low,low
PV_ATCC8482_01470,medium,medium,medium,medium,medium,medium,medium,high,medium,medium,medium,high
PV_ATCC8482_01471,high,high,high,medium,high,high,high,medium,high,high,high,high
PV_ATCC8482_01472,high,high,high,medium,high,high,high,high,high,high,high,high
PV_ATCC8482_01476,low,medium,low,low,low,low,low,low,low,low,low,low
PV_ATCC8482_01477,medium,medium,medium,medium,medium,medium,high,high,medium,high,medium,medium
PV_ATCC8482_01479,medium,low,medium,medium,medium,medium,medium,medium,medium,medium,medium,medium
PV_ATCC8482_01491,medium,medium,medium,high,medium,medium,medium,medium,high,medium,medium,medium
PV_ATCC8482_01521,medium,low,medium,medium,medium,medium,low,low,medium,medium,medium,medium
PV_ATCC8482_01522,low,medium,medium,medium,medium,medium,low,low,low,medium,low,low
PV_ATCC8482_01526,medium,low,medium,low,medium,medium,medium,high,medium,medium,medium,high
PV_ATCC8482_01534,medium,medium,medium,medium,medium,medium,high,high,high,medium,medium,medium
PV_ATCC8482_01541,medium,medium,medium,low,medium,low,medium,medium,low,low,medium,medium
PV_ATCC8482_01542,high,high,high,high,high,high,high,high,high,high,high,high
PV_ATCC8482_01552,medium,medium,medium,medium,high,medium,high,medium,medium,medium,high,medium
PV_ATCC8482_01561,low,low,low,low,low,low,low,low,low,low,low,low
PV_ATCC8482_01664,low,medium,low,low,low,low,medium,medium,medium,medium,low,low
PV_ATCC8482_01665,medium,medium,low,medium,medium,medium,medium,medium,medium,medium,medium,medium
PV_ATCC8482_01666,medium,medium,low,low,low,medium,medium,low,low,medium,low,medium
PV_ATCC8482_01670,low,low,low,low,low,low,medium,low,medium,low,low,medium
PV_ATCC8482_01688,high,high,high,high,high,high,high,high,high,high,high,high
PV_ATCC8482_01701,medium,medium,high,medium,medium,high,medium,high,low,medium,high,medium
PV_ATCC8482_01702,low,medium,low,low,low,low,low,low,medium,low,low,low
PV_ATCC8482_01705,low,medium,low,low,low,medium,low,medium,low,low,low,medium
PV_ATCC8482_01707,medium,low,medium,low,medium,medium,low,low,low,medium,medium,medium
PV_ATCC8482_01711,high,high,medium,high,high,high,high,high,high,high,high,medium
PV_ATCC8482_01714,low,medium,low,high,medium,medium,medium,medium,medium,medium,medium,medium
PV_ATCC8482_01726,low,low,low,low,low,low,low,low,low,low,low,low
PV_ATCC8482_01727,medium,low,low,low,low,low,medium,low,low,low,low,low
PV_ATCC8482_01728,medium,low,low,low,low,low,medium,medium,medium,low,low,low
PV_ATCC8482_01735,high,high,high,high,high,high,high,high,high,high,high,high
PV_ATCC8482_01745,high,high,high,high,high,high,high,medium,high,high,high,high
PV_ATCC8482_01746,high,high,high,high,high,high,high,high,high,high,high,high
PV_ATCC8482_01763,high,medium,medium,medium,medium,medium,high,high,medium,medium,medium,high
PV_ATCC8482_01766,high,high,high,high,high,high,high,high,high,high,high,high
PV_ATCC8482_01778,medium,low,low,low,low,low,low,low,low,low,low,low
PV_ATCC8482_01814,medium,low,low,low,low,low,low,medium,medium,low,medium,low
PV_ATCC8482_01815,high,high,high,medium,high,high,medium,high,medium,medium,high,high
PV_ATCC8482_01820,low,low,low,medium,medium,low,low,low,low,low,medium,low
PV_ATCC8482_01821,low,low,low,medium,low,low,medium,low,low,low,low,low
PV_ATCC8482_01825,low,medium,medium,high,medium,low,medium,low,low,low,medium,low
PV_ATCC8482_01826,low,medium,high,high,high,medium,low,low,medium,medium,high,low
PV_ATCC8482_01827,medium,high,high,high,high,high,low,low,medium,medium,high,medium
PV_ATCC8482_01830,low,low,low,low,low,low,low,low,low,low,low,low
PV_ATCC8482_01832,medium,medium,medium,medium,high,medium,medium,high,medium,medium,high,medium
PV_ATCC8482_01834,high,high,high,high,high,high,high,high,high,high,high,high
PV_ATCC8482_01859,low,low,low,low,low,low,low,medium,low,low,low,low
PV_ATCC8482_01863,medium,low,low,low,low,low,medium,medium,low,low,low,medium
PV_ATCC8482_01864,medium,medium,medium,medium,medium,medium,medium,medium,low,medium,medium,medium
PV_ATCC8482_01866,medium,medium,medium,medium,medium,high,medium,medium,medium,high,medium,high
PV_ATCC8482_01880,low,low,low,low,low,low,low,low,low,low,low,low
PV_ATCC8482_01890,low,low,low,medium,low,low,low,low,low,low,low,low
PV_ATCC8482_01891,high,high,high,high,high,high,high,high,high,high,high,high
PV_ATCC8482_01895,low,low,low,low,low,low,low,low,low,low,low,low
PV_ATCC8482_01900,medium,medium,medium,medium,medium,medium,medium,medium,medium,medium,medium,medium
PV_ATCC8482_01901,low,low,low,low,low,low,low,low,low,low,low,low
PV_ATCC8482_01904,medium,medium,medium,medium,medium,high,high,medium,low,medium,medium,medium
PV_ATCC8482_01905,high,high,high,medium,high,medium,high,high,high,medium,high,high
PV_ATCC8482_01923,medium,low,medium,medium,medium,medium,medium,medium,medium,medium,medium,medium
PV_ATCC8482_01926,high,high,high,high,high,high,high,high,high,high,high,high
PV_ATCC8482_01928,medium,medium,medium,medium,medium,medium,medium,medium,medium,medium,medium,low
PV_ATCC8482_01933,high,medium,medium,medium,medium,high,medium,medium,medium,high,medium,high
PV_ATCC8482_01941,high,high,medium,medium,high,high,low,medium,high,medium,medium,high
PV_ATCC8482_01951,medium,medium,medium,medium,medium,medium,medium,low,medium,medium,medium,medium
PV_ATCC8482_01952,medium,medium,medium,medium,medium,medium,medium,medium,medium,medium,medium,medium
PV_ATCC8482_01954,medium,medium,high,medium,medium,medium,high,low,medium,medium,medium,medium
PV_ATCC8482_01961,medium,medium,medium,medium,medium,medium,medium,low,medium,medium,medium,medium
PV_ATCC8482_01962,high,high,high,low,high,medium,medium,medium,medium,low,high,medium
PV_ATCC8482_01963,high,high,high,medium,high,medium,high,high,high,medium,high,high
PV_ATCC8482_01968,medium,low,low,medium,low,low,low,medium,medium,low,low,low
PV_ATCC8482_01971,medium,low,low,low,medium,medium,medium,medium,medium,low,medium,medium
PV_ATCC8482_01979,high,medium,medium,medium,medium,high,high,high,high,medium,medium,high
PV_ATCC8482_01985,medium,medium,medium,medium,medium,medium,medium,low,low,medium,medium,medium
PV_ATCC8482_01987,low,medium,low,medium,medium,medium,medium,low,medium,medium,low,medium
PV_ATCC8482_01995,high,high,high,high,high,high,high,high,high,high,high,high
PV_ATCC8482_01996,medium,medium,medium,low,medium,medium,low,low,high,medium,medium,medium
PV_ATCC8482_02001,medium,medium,medium,high,high,medium,high,high,high,high,high,medium
PV_ATCC8482_02002,high,high,high,high,high,high,high,high,high,high,high,high
PV_ATCC8482_02003,medium,medium,medium,medium,medium,medium,medium,medium,medium,medium,medium,medium
PV_ATCC8482_02004,high,medium,medium,medium,medium,medium,medium,high,high,medium,medium,medium
PV_ATCC8482_02006,high,high,high,high,high,high,high,high,high,high,high,high
PV_ATCC8482_02017,low,low,low,low,low,low,low,medium,medium,low,low,low
PV_ATCC8482_02018,medium,medium,medium,medium,medium,medium,high,high,medium,medium,medium,high
PV_ATCC8482_02027,high,high,high,high,high,high,high,high,high,high,high,high
PV_ATCC8482_02028,high,high,high,high,high,high,high,high,high,high,high,high
PV_ATCC8482_02029,medium,high,high,high,medium,high,high,high,high,high,medium,medium
PV_ATCC8482_02038,high,high,high,high,high,high,medium,medium,medium,high,high,high
PV_ATCC8482_02039,medium,medium,medium,medium,medium,medium,low,medium,low,medium,medium,medium
PV_ATCC8482_02043,high,high,high,high,high,high,high,high,medium,high,high,high
PV_ATCC8482_02044,medium,high,high,high,high,high,high,high,medium,high,high,high
PV_ATCC8482_02045,low,low,low,low,low,low,low,low,medium,low,medium,low
PV_ATCC8482_02054,high,high,high,high,high,high,high,high,high,high,high,high
PV_ATCC8482_02062,medium,low,high,low,medium,medium,medium,medium,medium,low,medium,medium
PV_ATCC8482_02071,medium,medium,medium,medium,medium,high,low,medium,low,medium,medium,medium
PV_ATCC8482_02072,medium,medium,medium,medium,medium,high,medium,low,medium,medium,medium,medium
PV_ATCC8482_02073,low,medium,medium,medium,medium,medium,low,medium,medium,medium,medium,low
PV_ATCC8482_02075,low,medium,low,medium,medium,medium,medium,low,medium,medium,medium,low
PV_ATCC8482_02077,medium,medium,medium,medium,medium,medium,low,medium,low,medium,medium,medium
PV_ATCC8482_02080,low,low,low,low,low,low,low,low,low,low,low,low
PV_ATCC8482_02085,high,high,high,high,high,high,high,high,high,high,high,high
PV_ATCC8482_02098,medium,medium,medium,medium,high,high,medium,medium,medium,medium,high,medium
PV_ATCC8482_02107,medium,medium,medium,low,medium,medium,low,medium,low,medium,medium,medium
PV_ATCC8482_02112,low,low,low,medium,low,low,medium,low,low,medium,low,low
PV_ATCC8482_02115,high,high,high,high,high,high,high,high,high,high,high,high
PV_ATCC8482_02116,medium,high,medium,high,medium,high,medium,medium,medium,high,medium,medium
PV_ATCC8482_02117,medium,medium,medium,high,medium,medium,medium,medium,medium,high,medium,low
PV_ATCC8482_02122,medium,medium,medium,medium,medium,medium,medium,medium,medium,medium,medium,medium
PV_ATCC8482_02126,high,high,high,high,high,medium,medium,low,medium,high,high,high
PV_ATCC8482_02127,high,high,high,high,high,high,medium,medium,medium,high,high,high
PV_ATCC8482_02128,high,high,high,high,high,high,medium,medium,medium,high,high,high
PV_ATCC8482_02129,high,high,high,high,high,high,medium,medium,medium,high,high,high
PV_ATCC8482_02152,low,low,low,low,low,low,medium,low,medium,low,low,medium
PV_ATCC8482_02232,low,low,low,low,low,low,medium,medium,medium,low,low,low
PV_ATCC8482_02234,low,low,low,low,low,low,high,high,medium,low,low,low
PV_ATCC8482_02235,low,low,low,low,low,low,low,medium,medium,low,low,low
PV_ATCC8482_02250,low,low,low,low,low,low,medium,low,low,low,low,low
PV_ATCC8482_02270,high,high,high,high,high,high,high,high,high,high,high,high
PV_ATCC8482_02272,low,low,low,low,low,low,low,low,low,low,low,low
PV_ATCC8482_02279,high,high,high,high,high,high,high,medium,high,high,high,high
PV_ATCC8482_02298,low,low,low,low,low,low,low,low,medium,low,low,medium
PV_ATCC8482_02299,low,low,low,low,low,low,low,low,low,low,low,low
PV_ATCC8482_02304,medium,medium,medium,medium,medium,medium,medium,medium,low,medium,medium,medium
PV_ATCC8482_02309,high,high,medium,high,high,high,high,high,high,high,high,high
PV_ATCC8482_02320,medium,low,medium,medium,medium,medium,low,medium,medium,medium,medium,medium
PV_ATCC8482_02322,medium,medium,medium,medium,medium,low,high,high,medium,medium,medium,medium
PV_ATCC8482_02323,high,medium,medium,medium,medium,medium,high,high,high,medium,medium,medium
PV_ATCC8482_02337,high,high,high,medium,medium,high,high,high,high,high,medium,high
PV_ATCC8482_02342,low,medium,low,medium,low,low,medium,medium,medium,medium,low,medium
PV_ATCC8482_02345,medium,low,medium,medium,medium,medium,high,medium,medium,medium,medium,medium
PV_ATCC8482_02384,high,high,high,high,high,high,high,high,medium,high,high,high
PV_ATCC8482_02385,high,high,high,high,high,high,high,high,high,high,high,high
PV_ATCC8482_02386,low,low,low,low,low,low,low,low,medium,medium,low,low
PV_ATCC8482_02387,low,medium,low,medium,medium,medium,medium,medium,low,high,medium,low
PV_ATCC8482_02388,low,medium,low,low,low,medium,low,medium,low,high,low,low
PV_ATCC8482_02389,low,medium,medium,medium,medium,medium,medium,medium,low,high,medium,low
PV_ATCC8482_02390,medium,high,high,high,high,high,medium,medium,medium,high,high,high
PV_ATCC8482_02391,high,high,high,medium,high,high,medium,medium,medium,high,high,high
PV_ATCC8482_02392,medium,high,high,high,high,medium,high,high,high,high,high,high
PV_ATCC8482_02394,high,high,high,high,high,high,medium,medium,medium,medium,medium,high
PV_ATCC8482_02395,medium,medium,high,medium,medium,high,medium,low,low,medium,medium,high
PV_ATCC8482_02398,high,high,high,high,high,high,medium,medium,high,high,high,high
PV_ATCC8482_02401,medium,medium,medium,medium,medium,high,medium,high,high,medium,medium,high
PV_ATCC8482_02426,medium,medium,medium,low,medium,medium,low,medium,low,medium,medium,medium
PV_ATCC8482_02429,high,high,high,high,high,high,medium,medium,medium,high,high,high
PV_ATCC8482_02430,high,high,high,high,high,high,medium,medium,medium,high,high,high
PV_ATCC8482_02431,medium,high,medium,high,medium,high,medium,medium,low,high,medium,medium
PV_ATCC8482_02432,low,low,low,medium,low,medium,low,low,low,medium,low,low
PV_ATCC8482_02433,high,high,medium,medium,high,high,high,medium,medium,high,high,high
PV_ATCC8482_02436,high,high,high,medium,high,high,high,high,high,high,high,high
PV_ATCC8482_02437,high,high,high,medium,high,high,high,high,high,medium,high,high
PV_ATCC8482_02440,high,medium,medium,medium,medium,high,high,high,high,medium,medium,high
PV_ATCC8482_02443,medium,low,medium,low,medium,medium,medium,medium,low,low,medium,medium
PV_ATCC8482_02450,high,high,high,high,high,high,high,high,high,high,high,high
PV_ATCC8482_02473,low,low,low,low,low,low,low,low,low,low,low,medium
PV_ATCC8482_02474,low,low,low,low,low,low,low,low,low,low,low,low
PV_ATCC8482_02475,low,low,low,low,low,low,low,low,low,low,low,low
PV_ATCC8482_02476,low,low,low,low,low,low,low,low,low,low,low,low
PV_ATCC8482_02487,low,low,low,medium,low,low,low,medium,low,low,low,low
PV_ATCC8482_02488,low,low,low,medium,low,low,medium,medium,low,low,low,medium
PV_ATCC8482_02489,medium,medium,low,medium,medium,low,medium,medium,medium,medium,medium,medium
PV_ATCC8482_02490,low,low,low,low,low,low,medium,low,medium,low,low,medium
PV_ATCC8482_02491,medium,medium,medium,medium,medium,medium,medium,medium,medium,medium,medium,medium
PV_ATCC8482_02494,low,low,low,medium,low,medium,medium,low,low,low,low,low
PV_ATCC8482_02505,low,low,low,low,low,medium,medium,medium,low,low,low,medium
PV_ATCC8482_02511,medium,medium,medium,low,low,low,medium,medium,low,low,low,low
PV_ATCC8482_02515,high,high,high,high,high,high,medium,high,high,high,high,high
PV_ATCC8482_02532,high,low,medium,medium,medium,medium,high,medium,medium,medium,medium,medium
PV_ATCC8482_02560,low,low,low,low,low,low,low,low,low,low,low,low
PV_ATCC8482_02564,medium,high,medium,high,high,medium,high,high,high,high,high,medium
PV_ATCC8482_02567,high,high,high,high,high,high,high,high,high,high,high,high
PV_ATCC8482_02568,high,high,high,high,high,high,high,high,high,high,high,high
PV_ATCC8482_02573,low,low,low,low,low,low,low,low,low,low,low,low
PV_ATCC8482_02574,low,medium,medium,medium,medium,medium,medium,medium,medium,medium,medium,low
PV_ATCC8482_02575,high,high,high,medium,high,high,high,high,high,medium,high,high
PV_ATCC8482_02593,low,low,low,low,low,low,medium,medium,low,low,low,low
PV_ATCC8482_02604,medium,medium,medium,medium,medium,medium,medium,medium,medium,medium,medium,low
PV_ATCC8482_02607,low,low,low,low,low,low,low,low,medium,low,low,low
PV_ATCC8482_02608,low,low,low,low,low,low,low,low,low,low,low,low
PV_ATCC8482_02613,high,high,high,high,high,high,medium,high,high,high,high,high
PV_ATCC8482_02617,low,low,low,medium,medium,low,low,medium,low,medium,low,low
PV_ATCC8482_02618,low,medium,medium,medium,low,low,medium,low,medium,medium,medium,low
PV_ATCC8482_02619,medium,high,medium,high,high,high,high,high,high,high,high,medium
PV_ATCC8482_02625,low,low,low,low,low,low,low,low,low,low,low,low
PV_ATCC8482_02631,high,high,high,high,high,high,medium,high,high,high,high,high
PV_ATCC8482_02632,medium,medium,medium,high,medium,medium,medium,medium,low,medium,medium,medium
PV_ATCC8482_02633,low,medium,medium,high,medium,medium,medium,low,low,medium,medium,low
PV_ATCC8482_02635,high,high,high,high,high,high,high,high,high,high,high,high
PV_ATCC8482_02642,medium,low,low,medium,low,low,medium,medium,medium,medium,medium,medium
PV_ATCC8482_02644,high,high,high,high,high,high,medium,medium,medium,high,high,high
PV_ATCC8482_02652,high,medium,medium,medium,medium,high,high,high,medium,medium,medium,high
PV_ATCC8482_02664,medium,medium,medium,medium,medium,medium,medium,medium,medium,medium,medium,medium
PV_ATCC8482_02678,medium,medium,medium,medium,medium,medium,medium,medium,medium,medium,medium,low
PV_ATCC8482_02684,low,low,low,low,low,low,low,low,low,low,low,low
PV_ATCC8482_02686,high,high,high,high,high,high,high,high,high,high,high,high
PV_ATCC8482_02696,medium,medium,medium,low,medium,medium,low,low,medium,medium,medium,medium
PV_ATCC8482_02701,low,medium,low,medium,low,low,low,medium,medium,low,low,low
PV_ATCC8482_02703,medium,medium,medium,medium,medium,low,medium,medium,high,medium,medium,medium
PV_ATCC8482_02708,low,low,low,low,low,low,low,medium,low,low,low,low
PV_ATCC8482_02718,high,high,high,high,high,high,high,high,high,high,high,high
PV_ATCC8482_02728,low,low,low,low,low,low,low,low,low,low,low,low
PV_ATCC8482_02729,low,medium,medium,medium,medium,low,medium,low,medium,low,medium,low
PV_ATCC8482_02738,low,low,low,medium,low,low,low,low,low,low,low,low
PV_ATCC8482_02774,low,low,low,low,low,medium,low,low,low,low,low,medium
PV_ATCC8482_02775,low,low,low,low,low,low,low,low,low,low,low,low
PV_ATCC8482_02781,low,low,low,low,low,low,low,low,medium,low,low,low
PV_ATCC8482_02786,low,low,low,low,low,low,low,low,low,low,low,low
PV_ATCC8482_02790,low,low,low,low,low,low,low,low,low,low,low,low
PV_ATCC8482_02791,high,high,high,low,medium,medium,medium,high,high,low,medium,medium
PV_ATCC8482_02799,high,medium,medium,medium,medium,high,medium,medium,medium,medium,low,high
PV_ATCC8482_02801,high,medium,medium,medium,high,medium,high,high,high,medium,high,high
PV_ATCC8482_02806,low,low,low,low,low,low,medium,medium,low,low,low,low
PV_ATCC8482_02809,medium,medium,medium,medium,medium,medium,medium,medium,medium,medium,medium,high
PV_ATCC8482_02822,medium,medium,high,medium,medium,medium,medium,medium,medium,medium,medium,medium
PV_ATCC8482_02826,high,high,high,medium,high,high,high,high,high,medium,high,high
PV_ATCC8482_02828,high,high,high,medium,medium,high,high,high,high,medium,medium,medium
PV_ATCC8482_02841,medium,low,medium,low,low,low,low,medium,low,low,low,low
PV_ATCC8482_02842,high,medium,high,high,high,medium,high,high,high,medium,high,high
PV_ATCC8482_02849,high,high,high,high,high,high,high,medium,high,high,high,high
PV_ATCC8482_02861,low,low,medium,low,medium,low,low,low,low,low,medium,low
PV_ATCC8482_02862,low,low,low,low,low,low,low,low,low,low,low,low
PV_ATCC8482_02865,low,low,low,medium,low,low,low,low,low,low,low,low
PV_ATCC8482_02867,low,low,low,low,low,low,low,low,low,low,low,low
PV_ATCC8482_02868,low,medium,medium,medium,medium,medium,low,low,low,low,medium,low
PV_ATCC8482_02872,high,medium,high,medium,medium,high,high,high,high,medium,medium,high
PV_ATCC8482_02873,medium,high,high,medium,medium,medium,high,high,high,medium,medium,medium
PV_ATCC8482_02876,high,high,high,medium,high,high,high,high,high,medium,high,high
PV_ATCC8482_02877,high,high,high,low,medium,medium,high,high,high,medium,medium,high
PV_ATCC8482_02878,medium,medium,low,low,medium,low,high,high,high,low,low,medium
PV_ATCC8482_02879,medium,high,high,high,high,high,high,high,high,high,high,medium
PV_ATCC8482_02880,high,high,high,high,high,high,high,high,high,high,high,high
PV_ATCC8482_02930,low,low,low,low,low,low,low,low,low,low,low,low
PV_ATCC8482_02964,high,high,high,high,high,high,high,high,high,high,high,high
PV_ATCC8482_02966,low,low,low,low,low,low,medium,medium,low,low,medium,low
PV_ATCC8482_02967,high,high,high,high,high,medium,medium,medium,medium,medium,high,medium
PV_ATCC8482_02973,medium,medium,medium,medium,medium,medium,low,low,low,medium,medium,medium
PV_ATCC8482_02978,high,high,high,high,high,medium,medium,high,high,high,high,medium
PV_ATCC8482_02984,high,high,high,high,high,high,high,medium,high,high,high,medium
PV_ATCC8482_02985,medium,high,medium,high,high,medium,low,medium,medium,high,medium,low
PV_ATCC8482_02987,low,medium,low,medium,low,low,low,medium,medium,medium,low,low
PV_ATCC8482_02989,low,low,low,low,low,low,low,low,low,low,low,low
PV_ATCC8482_03012,low,low,low,low,low,low,low,low,medium,low,low,low
PV_ATCC8482_03013,low,low,low,low,low,low,low,low,low,low,low,low
PV_ATCC8482_03015,low,low,low,low,low,low,low,low,low,low,low,low
PV_ATCC8482_03024,medium,medium,medium,high,medium,medium,medium,medium,low,medium,medium,medium
PV_ATCC8482_03032,low,low,low,low,low,low,low,low,low,low,low,low
PV_ATCC8482_03037,low,low,low,low,low,low,low,low,low,low,low,low
PV_ATCC8482_03068,low,low,low,low,low,low,low,low,low,low,low,low
PV_ATCC8482_03077,low,low,low,low,low,low,low,low,low,low,low,low
PV_ATCC8482_03080,high,high,high,high,high,high,high,high,high,high,high,high
PV_ATCC8482_03087,high,high,high,high,high,medium,high,high,high,high,high,high
PV_ATCC8482_03088,high,high,high,high,high,high,high,high,high,high,high,high
PV_ATCC8482_03093,low,low,low,low,low,low,low,low,low,low,low,low
PV_ATCC8482_03094,low,low,low,low,low,low,low,low,low,low,low,low
PV_ATCC8482_03101,high,high,high,high,high,high,high,high,high,high,high,high
PV_ATCC8482_03102,low,medium,medium,low,low,low,medium,low,low,low,low,low
PV_ATCC8482_03106,medium,medium,medium,high,high,medium,high,high,high,high,high,medium
PV_ATCC8482_03110,medium,medium,high,medium,medium,medium,medium,medium,medium,medium,medium,medium
PV_ATCC8482_03114,low,low,low,low,low,low,low,low,low,low,low,low
PV_ATCC8482_03122,medium,medium,medium,medium,medium,medium,medium,low,low,high,medium,medium
PV_ATCC8482_03139,low,medium,low,low,low,low,low,low,low,low,low,medium
PV_ATCC8482_03140,high,high,medium,medium,high,high,high,high,high,high,high,high
PV_ATCC8482_03142,high,high,high,medium,high,high,medium,medium,medium,high,high,high
PV_ATCC8482_03143,high,high,high,high,high,high,high,medium,medium,high,high,high
PV_ATCC8482_03162,high,high,high,high,high,high,high,high,high,high,high,high
PV_ATCC8482_03163,high,high,high,high,high,high,medium,high,medium,high,high,high
PV_ATCC8482_03165,low,low,low,low,low,low,low,low,low,low,low,low
PV_ATCC8482_03169,low,low,low,low,low,low,low,low,low,low,low,low
PV_ATCC8482_03170,low,low,low,low,low,low,medium,medium,medium,low,low,low
PV_ATCC8482_03172,high,medium,medium,high,high,high,high,high,high,high,high,high
PV_ATCC8482_03180,low,low,low,low,low,low,low,low,low,low,low,low
PV_ATCC8482_03185,low,low,low,low,low,low,low,low,low,low,low,low
PV_ATCC8482_03186,medium,medium,low,medium,low,low,low,low,low,medium,medium,low
PV_ATCC8482_03187,high,high,high,high,high,medium,medium,medium,medium,high,high,high
PV_ATCC8482_03191,high,high,high,high,high,high,medium,medium,low,high,high,high
PV_ATCC8482_03192,medium,low,medium,medium,medium,medium,low,low,medium,medium,high,medium
PV_ATCC8482_03193,high,high,high,high,high,high,medium,low,medium,high,high,high
PV_ATCC8482_03195,medium,medium,medium,medium,high,medium,high,medium,medium,medium,high,medium
PV_ATCC8482_03200,low,low,low,low,low,low,low,low,low,low,low,low
PV_ATCC8482_03201,medium,medium,medium,medium,medium,medium,medium,low,low,medium,medium,medium
PV_ATCC8482_03202,low,low,medium,medium,medium,medium,medium,low,low,medium,medium,low
PV_ATCC8482_03203,low,low,low,low,low,low,low,low,low,low,low,low
PV_ATCC8482_03204,low,low,low,low,low,low,low,low,low,low,low,low
PV_ATCC8482_03205,low,low,low,low,low,low,low,low,low,low,low,low
PV_ATCC8482_03226,low,low,low,low,low,low,low,low,low,low,low,low
PV_ATCC8482_03240,low,medium,low,medium,low,low,medium,low,low,medium,low,low
PV_ATCC8482_03241,low,medium,medium,medium,medium,low,high,medium,medium,medium,medium,medium
PV_ATCC8482_03242,medium,medium,medium,high,medium,medium,medium,medium,medium,medium,medium,medium
PV_ATCC8482_03243,medium,medium,medium,medium,medium,medium,high,medium,medium,medium,medium,medium
PV_ATCC8482_03246,high,high,high,high,high,high,high,high,medium,high,high,high
PV_ATCC8482_03250,medium,medium,medium,medium,medium,medium,medium,low,medium,high,medium,medium
PV_ATCC8482_03252,medium,low,medium,low,low,medium,low,medium,medium,low,low,medium
PV_ATCC8482_03258,medium,high,high,high,high,high,high,high,high,high,high,medium
PV_ATCC8482_03301,low,low,low,low,low,low,low,low,low,low,low,low
PV_ATCC8482_03316,medium,medium,low,medium,medium,medium,medium,medium,medium,medium,medium,medium
PV_ATCC8482_03317,medium,low,medium,medium,medium,low,medium,medium,medium,medium,medium,medium
PV_ATCC8482_03320,low,low,low,low,low,low,low,low,low,low,low,low
PV_ATCC8482_03334,high,high,high,high,high,high,high,high,high,high,high,high
PV_ATCC8482_03335,high,high,high,high,high,high,high,high,high,high,high,high
PV_ATCC8482_03343,medium,medium,medium,low,medium,medium,low,low,medium,medium,low,medium
PV_ATCC8482_03347,low,low,low,low,low,low,low,low,low,low,low,low
PV_ATCC8482_03352,low,low,low,low,low,low,low,low,low,low,low,low
PV_ATCC8482_03359,low,low,low,low,low,low,low,low,low,low,low,low
PV_ATCC8482_03363,medium,low,medium,low,low,medium,medium,medium,medium,low,low,medium
PV_ATCC8482_03364,low,low,medium,low,low,low,low,medium,medium,low,low,low
PV_ATCC8482_03365,low,low,low,low,low,low,low,medium,low,low,low,low
PV_ATCC8482_03367,medium,low,medium,medium,low,medium,medium,low,medium,medium,medium,medium
PV_ATCC8482_03369,high,high,high,high,high,high,high,high,high,high,high,high
PV_ATCC8482_03399,high,medium,high,high,high,high,high,high,high,high,high,high
PV_ATCC8482_03400,high,medium,high,high,high,high,medium,medium,medium,medium,high,high
PV_ATCC8482_03402,medium,medium,medium,medium,medium,medium,high,medium,medium,medium,medium,low
PV_ATCC8482_03403,medium,medium,medium,medium,medium,medium,medium,medium,high,medium,medium,medium
PV_ATCC8482_03406,medium,medium,medium,medium,medium,medium,low,low,medium,medium,medium,high
PV_ATCC8482_03418,medium,medium,medium,medium,low,medium,low,low,medium,low,low,medium
PV_ATCC8482_03421,high,high,high,high,high,high,high,high,high,high,high,high
PV_ATCC8482_03422,medium,low,medium,low,medium,medium,low,low,medium,medium,medium,medium
PV_ATCC8482_03426,medium,medium,high,medium,medium,medium,high,high,high,medium,medium,medium
PV_ATCC8482_03429,high,medium,high,medium,medium,high,high,medium,high,high,high,high
PV_ATCC8482_03430,medium,medium,medium,medium,medium,medium,medium,medium,low,medium,medium,medium
PV_ATCC8482_03434,high,high,high,high,high,high,high,high,high,high,high,high
PV_ATCC8482_03436,high,high,high,high,high,high,high,high,high,high,high,high
PV_ATCC8482_03437,medium,medium,high,low,medium,medium,low,medium,medium,medium,medium,medium
PV_ATCC8482_03446,high,high,high,high,high,high,medium,medium,medium,high,high,high
PV_ATCC8482_03451,high,high,high,high,high,high,medium,high,high,high,high,high
PV_ATCC8482_03555,high,high,high,medium,high,medium,high,high,medium,low,high,medium
PV_ATCC8482_03562,low,medium,medium,medium,medium,medium,medium,low,medium,low,low,low
PV_ATCC8482_03608,medium,medium,low,high,medium,medium,low,medium,low,low,medium,medium
PV_ATCC8482_03611,high,high,high,high,high,high,low,low,medium,high,high,high
PV_ATCC8482_03614,high,high,high,high,high,high,high,high,high,high,high,high
PV_ATCC8482_03615,high,high,high,high,high,high,low,low,high,high,high,high
PV_ATCC8482_03627,high,high,high,high,high,high,high,high,high,high,high,high
PV_ATCC8482_03634,low,low,low,medium,low,low,low,low,medium,low,low,low
PV_ATCC8482_03636,high,high,high,high,high,high,high,high,high,high,high,high
PV_ATCC8482_03637,high,high,high,high,high,high,high,high,high,high,high,high
PV_ATCC8482_03638,high,high,high,high,high,high,medium,medium,high,high,high,high
PV_ATCC8482_03639,high,high,high,high,high,high,medium,medium,high,high,high,high
PV_ATCC8482_03640,medium,high,high,high,high,medium,medium,medium,medium,high,high,high
PV_ATCC8482_03643,low,medium,low,medium,low,low,low,low,low,medium,low,low
PV_ATCC8482_03648,high,high,high,high,high,high,high,high,high,high,high,high
PV_ATCC8482_03653,low,low,low,low,low,low,low,low,low,low,low,low
PV_ATCC8482_03659,medium,medium,medium,high,medium,low,high,high,high,medium,medium,medium
PV_ATCC8482_03660,medium,high,medium,high,medium,medium,high,high,high,high,medium,medium
PV_ATCC8482_03661,medium,high,medium,high,high,medium,high,high,high,high,high,medium
PV_ATCC8482_03662,high,high,high,high,high,high,high,high,high,high,high,medium
PV_ATCC8482_03664,high,high,high,high,high,high,high,high,high,high,high,high
PV_ATCC8482_03676,medium,medium,medium,medium,medium,medium,medium,low,medium,low,medium,low
PV_ATCC8482_03680,medium,high,medium,medium,medium,medium,medium,high,high,high,medium,medium
PV_ATCC8482_03683,high,high,high,high,high,high,high,high,high,high,high,high
PV_ATCC8482_03685,high,high,high,high,high,medium,high,high,high,high,high,high
PV_ATCC8482_03687,medium,low,medium,medium,medium,medium,medium,medium,medium,low,medium,medium
PV_ATCC8482_03701,medium,medium,medium,medium,medium,high,high,high,medium,medium,medium,high
PV_ATCC8482_03710,high,medium,medium,medium,medium,high,medium,medium,high,medium,medium,high
PV_ATCC8482_03723,high,high,high,high,high,medium,high,high,high,high,high,high
PV_ATCC8482_03731,low,low,low,low,low,low,medium,low,low,low,low,low
PV_ATCC8482_03747,medium,medium,medium,high,medium,medium,medium,high,medium,high,medium,medium
PV_ATCC8482_03801,low,low,low,low,low,low,low,low,low,low,low,low
PV_ATCC8482_03848,low,low,low,low,low,low,low,low,low,low,low,low
PV_ATCC8482_03871,low,low,low,low,low,low,medium,low,low,low,low,low
PV_ATCC8482_03883,low,low,low,low,low,low,low,low,low,low,low,low
PV_ATCC8482_03907,high,high,high,high,high,high,high,high,high,high,high,high
PV_ATCC8482_03910,high,high,high,high,high,high,high,high,high,high,high,high
PV_ATCC8482_03922,medium,medium,medium,high,medium,medium,high,high,high,medium,medium,medium
PV_ATCC8482_03933,high,high,high,high,high,high,high,high,high,high,high,high
PV_ATCC8482_03935,medium,medium,high,medium,high,high,low,medium,medium,medium,high,medium
PV_ATCC8482_03941,low,low,low,low,low,medium,medium,medium,medium,low,low,low
PV_ATCC8482_03954,medium,medium,medium,medium,medium,medium,low,low,medium,medium,medium,medium
PV_ATCC8482_03955,medium,medium,medium,medium,medium,high,medium,high,low,medium,medium,medium
PV_ATCC8482_03956,high,medium,medium,high,medium,high,medium,high,high,medium,medium,high
PV_ATCC8482_03957,medium,medium,medium,medium,medium,medium,low,medium,medium,medium,low,medium
PV_ATCC8482_03958,medium,low,low,low,low,low,medium,medium,low,medium,low,medium
PV_ATCC8482_03959,medium,medium,medium,medium,low,low,medium,medium,medium,medium,medium,medium
PV_ATCC8482_03960,high,high,high,high,high,high,high,high,high,high,high,high
PV_ATCC8482_03961,low,medium,medium,medium,medium,medium,medium,low,low,medium,medium,medium
PV_ATCC8482_03969,high,high,high,high,high,medium,high,high,high,high,high,medium
PV_ATCC8482_03973,high,high,high,high,high,medium,high,high,high,high,high,high
PV_ATCC8482_03974,medium,low,medium,medium,medium,medium,low,medium,medium,medium,medium,medium
PV_ATCC8482_03984,high,high,high,high,high,high,high,high,high,high,high,high
PV_ATCC8482_03987,high,high,high,high,high,high,high,high,high,high,high,high
PV_ATCC8482_03996,low,low,low,low,low,low,low,low,low,low,low,low
PV_ATCC8482_03999,medium,medium,high,low,low,low,medium,medium,medium,low,low,low
PV_ATCC8482_04000,medium,medium,high,low,low,low,medium,medium,high,low,low,low
PV_ATCC8482_04006,low,low,medium,low,low,low,medium,medium,medium,low,low,low
PV_ATCC8482_04009,medium,medium,medium,medium,medium,high,medium,low,medium,medium,medium,medium
PV_ATCC8482_04041,low,low,low,low,low,low,low,low,low,low,low,low
PV_ATCC8482_04049,medium,medium,medium,high,high,high,medium,medium,medium,high,medium,medium
PV_ATCC8482_04050,high,high,high,high,high,high,high,medium,high,high,high,high
PV_ATCC8482_04051,high,high,high,high,high,high,high,high,high,high,high,high
PV_ATCC8482_04053,high,high,high,high,high,high,high,high,high,high,high,high
PV_ATCC8482_04054,high,high,high,high,high,high,high,high,high,high,high,medium
PV_ATCC8482_04057,high,high,medium,high,high,high,high,high,high,high,high,high
PV_ATCC8482_04058,high,high,high,high,high,high,high,high,high,high,high,high
PV_ATCC8482_04068,low,low,low,low,low,low,low,low,low,low,low,low
PV_ATCC8482_04073,low,low,low,low,low,low,low,low,low,low,low,low
PV_ATCC8482_04091,medium,medium,medium,low,low,low,low,low,low,low,low,medium
PV_ATCC8482_04092,high,high,high,high,high,high,high,high,high,high,high,high
PV_ATCC8482_04100,medium,medium,medium,high,medium,medium,medium,high,high,medium,medium,medium
PV_ATCC8482_04101,medium,medium,medium,high,medium,medium,medium,medium,medium,medium,medium,medium
PV_ATCC8482_04102,medium,medium,medium,high,medium,medium,medium,medium,low,medium,medium,medium
PV_ATCC8482_04103,high,high,high,high,high,high,high,high,medium,high,high,high
PV_ATCC8482_04104,low,low,low,low,low,low,low,low,low,low,low,low
PV_ATCC8482_04105,low,low,low,low,low,low,low,low,low,low,low,low
PV_ATCC8482_04108,low,low,low,low,low,low,low,low,low,low,low,low
PV_ATCC8482_04109,low,low,low,low,low,low,low,low,low,low,low,low
PV_ATCC8482_04110,low,low,low,low,low,low,low,low,low,low,low,low
PV_ATCC8482_04111,low,low,low,low,low,low,low,low,low,low,low,low
PV_ATCC8482_04112,low,low,low,low,low,low,low,low,low,low,low,low
PV_ATCC8482_04121,low,low,low,low,low,low,low,low,low,low,low,low
PV_ATCC8482_04131,low,low,low,low,low,low,low,low,low,low,low,low
PV_ATCC8482_04132,low,low,low,low,low,low,low,low,low,low,low,low
PV_ATCC8482_04133,low,low,low,low,low,low,medium,low,low,low,low,low
PV_ATCC8482_04139,low,low,low,low,low,low,low,low,low,low,low,low
PV_ATCC8482_04141,low,low,low,low,low,low,low,low,low,low,low,low
PV_ATCC8482_04143,low,low,low,low,low,low,low,low,low,low,low,low
PV_ATCC8482_04146,low,low,low,low,low,low,medium,low,low,low,low,low
PV_ATCC8482_04156,medium,medium,medium,medium,high,high,medium,medium,high,high,medium,high
PV_ATCC8482_04177,low,low,low,low,low,medium,low,low,low,low,low,medium
PV_ATCC8482_04192,high,high,high,high,high,high,high,high,high,high,high,high
PV_ATCC8482_04193,high,high,medium,high,high,high,low,medium,medium,high,high,high
PV_ATCC8482_04194,medium,high,high,high,high,high,low,low,low,high,high,medium
PV_ATCC8482_04195,medium,high,medium,high,high,medium,low,low,low,high,high,medium
PV_ATCC8482_04196,low,high,low,medium,medium,medium,low,low,low,medium,medium,low
PV_ATCC8482_04197,medium,high,medium,high,medium,low,low,low,low,high,medium,medium
PV_ATCC8482_04198,low,medium,low,medium,low,low,low,low,low,medium,low,low
PV_ATCC8482_04212,medium,medium,medium,high,high,medium,high,medium,medium,high,high,medium
PV_ATCC8482_04213,high,high,medium,high,high,medium,high,high,high,high,high,medium
PV_ATCC8482_04214,low,low,low,low,low,low,low,low,low,low,low,low
PV_ATCC8482_04221,high,medium,medium,medium,medium,high,high,high,high,high,medium,high
PV_ATCC8482_04222,high,medium,low,low,medium,medium,high,high,high,medium,medium,high
PV_ATCC8482_04223,high,high,high,high,high,high,high,high,high,high,high,high
PV_ATCC8482_04224,high,high,high,high,high,high,high,high,high,high,high,high
PV_ATCC8482_04237,high,high,high,high,high,high,high,high,medium,high,high,high
PV_ATCC8482_04251,medium,medium,medium,medium,low,medium,low,low,low,low,low,medium
PV_ATCC8482_04258,low,low,low,low,low,low,low,low,low,low,low,low
PV_ATCC8482_04279,low,low,low,low,low,low,low,low,low,low,low,low
PV_ATCC8482_04283,low,low,low,low,low,low,low,low,low,low,low,low
PV_ATCC8482_04287,medium,medium,medium,medium,medium,high,medium,medium,medium,medium,medium,medium
PV_ATCC8482_04289,medium,medium,low,medium,medium,medium,medium,medium,low,medium,medium,medium
