,uptake
adn_e,5.0
ala__L_e,10.0
amp_e,5.0
arg__L_e,10.0
asp__L_e,10.0
ca2_e,1000.0
cbl1_e,1.0
cl_e,1000.0
cmp_e,5.0
cobalt2_e,1.0
cu2_e,5.0
cys__L_e,10.0
dad_2_e,5.0
dcyt_e,5.0
fe2_e,1.0
fe3_e,1.0
fol_e,1.0
glc__D_e,10.0
glu__L_e,10.0
gly_e,10.0
gmp_e,5.0
gsn_e,5.0
h2o_e,1000.0
h_e,1000.0
his__L_e,10.0
hxan_e,5.0
ile__L_e,10.0
ins_e,5.0
k_e,1000.0
leu__L_e,10.0
lipoate_e,1.0
lys__L_e,10.0
met__L_e,10.0
mg2_e,1000.0
mn2_e,1.0
mobd_e,1.0
na1_e,1000.0
nac_e,5.0
nh4_e,1000.0
ni2_e,1.0
phe__L_e,10.0
pheme_e,1.0
pi_e,1000.0
pnto__R_e,1.0
pro__L_e,10.0
pydx_e,1.0
ribflv_e,1.0
ser__L_e,10.0
so4_e,1000.0
thm_e,1.0
thr__L_e,10.0
thymd_e,5.0
trp__L_e,10.0
tyr__L_e,10.0
ump_e,5.0
ura_e,5.0
uri_e,5.0
val__L_e,10.0
zn2_e,1.0
